cnn-sample_frame_200_second_8_face0.jpg	imdb	44.6043099443541	0.15231165289878845
cnn-sample_frame_225_second_9_face0.jpg	imdb	42.37144496313067	0.2628706991672516
cnn-sample_frame_250_second_10_face0.jpg	imdb	45.416407773944	0.0612800270318985
cnn-sample_frame_275_second_11_face0.jpg	imdb	46.39429560279132	0.11853209137916565
cnn-sample_frame_300_second_12_face0.jpg	imdb	45.93137575796209	0.06545473635196686
cnn-sample_frame_325_second_13_face0.jpg	imdb	47.071568650463405	0.03990617394447327
cnn-sample_frame_350_second_14_face0.jpg	imdb	43.58320572029811	0.046925079077482224
cnn-sample_frame_375_second_15_face0.jpg	imdb	44.419656638828656	0.08581744134426117
cnn-sample_frame_400_second_16_face0.jpg	imdb	44.8882947819136	0.07469620555639267
cnn-sample_frame_425_second_17_face0.jpg	imdb	42.54957312653801	0.09175886958837509
cnn-sample_frame_1075_second_43_face0.jpg	imdb	33.06479778166431	0.881449818611145
cnn-sample_frame_1100_second_44_face0.jpg	imdb	31.296302120738346	0.8606715202331543
cnn-sample_frame_1125_second_45_face0.jpg	imdb	31.12641499582105	0.9055463075637817
cnn-sample_frame_1375_second_55_face0.jpg	imdb	37.438603122472614	0.9601742029190063
cnn-sample_frame_1400_second_56_face0.jpg	imdb	35.57774604572751	0.9632313847541809
cnn-sample_frame_1425_second_57_face0.jpg	imdb	36.85551803680937	0.970801591873169
cnn-sample_frame_1450_second_58_face0.jpg	imdb	39.6682776537873	0.9708229303359985
cnn-sample_frame_1475_second_59_face0.jpg	imdb	35.18411280900091	0.9503150582313538
cnn-sample_frame_1500_second_60_face0.jpg	imdb	38.78586788836469	0.9567733407020569
cnn-sample_frame_1525_second_61_face0.jpg	imdb	38.446807793651715	0.9825387001037598
cnn-sample_frame_1550_second_62_face0.jpg	imdb	39.06130420940099	0.9667183756828308
cnn-sample_frame_1575_second_63_face0.jpg	imdb	35.87007757333049	0.5483497381210327
cnn-sample_frame_1600_second_64_face0.jpg	imdb	37.03370283670665	0.3923015594482422
cnn-sample_frame_1625_second_65_face0.jpg	imdb	35.26639072379112	0.48272809386253357
cnn-sample_frame_1650_second_66_face0.jpg	imdb	35.96531326157856	0.3907470703125
cnn-sample_frame_1675_second_67_face0.jpg	imdb	37.815730787468055	0.36100947856903076
cnn-sample_frame_1700_second_68_face0.jpg	imdb	33.412651053435184	0.4158390462398529
cnn-sample_frame_1725_second_69_face0.jpg	imdb	40.09076508148428	0.4342617988586426
cnn-sample_frame_1750_second_70_face0.jpg	imdb	38.73825202630542	0.3470943868160248
cnn-sample_frame_1775_second_71_face0.jpg	imdb	34.77065928068623	0.37957650423049927
cnn-sample_frame_1800_second_72_face0.jpg	imdb	34.23174009660215	0.3792046308517456
cnn-sample_frame_1825_second_73_face0.jpg	imdb	34.85911300278531	0.41874152421951294
cnn-sample_frame_1850_second_74_face0.jpg	imdb	39.9466475354393	0.31834298372268677
cnn-sample_frame_1875_second_75_face0.jpg	imdb	39.000705034210114	0.26052966713905334
cnn-sample_frame_1925_second_77_face0.jpg	imdb	34.95560279781057	0.11801502108573914
cnn-sample_frame_1950_second_78_face0.jpg	imdb	38.368353474004834	0.11185512691736221
cnn-sample_frame_1975_second_79_face0.jpg	imdb	38.49551065356354	0.10166773200035095
cnn-sample_frame_2000_second_80_face0.jpg	imdb	56.78085794015078	0.0939069539308548
cnn-sample_frame_2025_second_81_face0.jpg	imdb	54.03957881195038	0.10201939940452576
cnn-sample_frame_2050_second_82_face0.jpg	imdb	55.354923462913575	0.11915867775678635
cnn-sample_frame_2075_second_83_face0.jpg	imdb	56.13136591963212	0.08539523184299469
cnn-sample_frame_2100_second_84_face0.jpg	imdb	36.62289556505857	0.3736278712749481
cnn-sample_frame_2125_second_85_face0.jpg	imdb	35.60788731496723	0.4772602319717407
cnn-sample_frame_2150_second_86_face0.jpg	imdb	36.1432741755998	0.3744675815105438
cnn-sample_frame_2175_second_87_face0.jpg	imdb	36.95032581403211	0.4112236499786377
cnn-sample_frame_2200_second_88_face0.jpg	imdb	37.178220618428895	0.3756827712059021
cnn-sample_frame_2225_second_89_face0.jpg	imdb	37.88504900505359	0.42092031240463257
cnn-sample_frame_2250_second_90_face0.jpg	imdb	35.822683105274336	0.4108912944793701
cnn-sample_frame_2275_second_91_face0.jpg	imdb	36.93461162921449	0.33850497007369995
cnn-sample_frame_2300_second_92_face0.jpg	imdb	36.18661091006652	0.36826130747795105
cnn-sample_frame_2325_second_93_face0.jpg	imdb	37.554487695218995	0.37178632616996765
cnn-sample_frame_3025_second_121_face0.jpg	imdb	42.37530867051646	0.9412851333618164
cnn-sample_frame_3050_second_122_face0.jpg	imdb	36.07423687868322	0.975723147392273
cnn-sample_frame_3075_second_123_face0.jpg	imdb	44.80462259927663	0.9759475588798523
cnn-sample_frame_3100_second_124_face0.jpg	imdb	45.52661726926999	0.9764806032180786
cnn-sample_frame_3125_second_125_face0.jpg	imdb	43.766166037049516	0.9824780821800232
cnn-sample_frame_3200_second_128_face0.jpg	imdb	36.1566233020385	0.2546931803226471
cnn-sample_frame_3225_second_129_face0.jpg	imdb	36.92938848597623	0.30873817205429077
cnn-sample_frame_3250_second_130_face0.jpg	imdb	38.63020151756609	0.20588578283786774
cnn-sample_frame_3275_second_131_face0.jpg	imdb	38.6366850017821	0.27215975522994995
cnn-sample_frame_3300_second_132_face0.jpg	imdb	39.96118668052986	0.12825989723205566
cnn-sample_frame_3325_second_133_face0.jpg	imdb	39.974099620538254	0.23724739253520966
cnn-sample_frame_3350_second_134_face0.jpg	imdb	39.301417411386865	0.20129899680614471
cnn-sample_frame_3375_second_135_face0.jpg	imdb	39.67683631739055	0.24759720265865326
cnn-sample_frame_3400_second_136_face0.jpg	imdb	39.339040386381384	0.17104752361774445
cnn-sample_frame_3425_second_137_face0.jpg	imdb	37.997851921587426	0.15628817677497864
cnn-sample_frame_3450_second_138_face0.jpg	imdb	38.23329747207754	0.18926945328712463
cnn-sample_frame_3500_second_140_face0.jpg	imdb	35.71171497327305	0.5174773931503296
cnn-sample_frame_3525_second_141_face0.jpg	imdb	37.23515647438762	0.39438629150390625
cnn-sample_frame_3550_second_142_face0.jpg	imdb	35.01847713650932	0.42260465025901794
cnn-sample_frame_3575_second_143_face0.jpg	imdb	37.039087099721655	0.39328497648239136
cnn-sample_frame_3600_second_144_face0.jpg	imdb	33.62141749638613	0.45655110478401184
cnn-sample_frame_3625_second_145_face0.jpg	imdb	35.02138698781346	0.4464842677116394
cnn-sample_frame_3650_second_146_face0.jpg	imdb	36.118967658236215	0.3677329123020172
cnn-sample_frame_3675_second_147_face0.jpg	imdb	36.835619104540456	0.3713108003139496
cnn-sample_frame_3700_second_148_face0.jpg	imdb	35.351955841973904	0.3555433452129364
cnn-sample_frame_3725_second_149_face0.jpg	imdb	36.880242625085884	0.5113043785095215
cnn-sample_frame_3750_second_150_face0.jpg	imdb	41.736589169328454	0.46063026785850525
cnn-sample_frame_3775_second_151_face0.jpg	imdb	40.12411170836094	0.24362993240356445
cnn-sample_frame_3800_second_152_face0.jpg	imdb	39.45900593796023	0.11784588545560837
cnn-sample_frame_3825_second_153_face0.jpg	imdb	40.239570501124945	0.22932671010494232
cnn-sample_frame_3850_second_154_face0.jpg	imdb	49.39161135647646	0.14662863314151764
cnn-sample_frame_3875_second_155_face0.jpg	imdb	49.06295233979381	0.2046339064836502
cnn-sample_frame_3900_second_156_face0.jpg	imdb	45.96929710533004	0.34378764033317566
cnn-sample_frame_3925_second_157_face0.jpg	imdb	46.124146268537515	0.266620397567749
cnn-sample_frame_3950_second_158_face0.jpg	imdb	53.390958023129315	0.21809571981430054
cnn-sample_frame_3975_second_159_face0.jpg	imdb	50.5700423098242	0.12382287532091141
cnn-sample_frame_4000_second_160_face0.jpg	imdb	49.28317862942549	0.17227044701576233
cnn-sample_frame_4025_second_161_face0.jpg	imdb	46.37041353101722	0.1512788087129593
cnn-sample_frame_4050_second_162_face0.jpg	imdb	42.7136005407292	0.305804044008255
cnn-sample_frame_4075_second_163_face0.jpg	imdb	49.233434551703795	0.2615407705307007
cnn-sample_frame_4100_second_164_face0.jpg	imdb	44.40908420757569	0.30075544118881226
cnn-sample_frame_4125_second_165_face0.jpg	imdb	51.95403330398676	0.013526637107133865
cnn-sample_frame_4150_second_166_face0.jpg	imdb	53.64400431412423	0.07416307181119919
cnn-sample_frame_4175_second_167_face0.jpg	imdb	46.63876550406712	0.4783143997192383
cnn-sample_frame_4200_second_168_face0.jpg	imdb	47.722931188537586	0.35019397735595703
cnn-sample_frame_4225_second_169_face0.jpg	imdb	47.26812661038525	0.038484346121549606
cnn-sample_frame_4300_second_172_face0.jpg	imdb	36.129799936226846	0.9605181217193604
cnn-sample_frame_4300_second_172_face1.jpg	imdb	44.96165964448505	0.1014619991183281
cnn-sample_frame_4325_second_173_face0.jpg	imdb	37.22778821332395	0.9750780463218689
cnn-sample_frame_4325_second_173_face1.jpg	imdb	45.75759993911356	0.06269944459199905
cnn-sample_frame_4350_second_174_face0.jpg	imdb	34.40949092870051	0.9781889319419861
cnn-sample_frame_4350_second_174_face1.jpg	imdb	45.28976060142941	0.07944570481777191
cnn-sample_frame_4375_second_175_face0.jpg	imdb	37.64363749818767	0.9800786972045898
cnn-sample_frame_4375_second_175_face1.jpg	imdb	44.72195537295647	0.07033040374517441
cnn-sample_frame_4400_second_176_face0.jpg	imdb	45.71931473329278	0.9750187397003174
cnn-sample_frame_4400_second_176_face1.jpg	imdb	44.25609048452429	0.06850346177816391
cnn-sample_frame_4425_second_177_face0.jpg	imdb	42.833691089502736	0.9572234153747559
cnn-sample_frame_4425_second_177_face1.jpg	imdb	43.45577789796516	0.1692921668291092
cnn-sample_frame_4450_second_178_face0.jpg	imdb	40.8126293317041	0.9730450510978699
cnn-sample_frame_4450_second_178_face1.jpg	imdb	45.07969319692006	0.041872140020132065
cnn-sample_frame_4475_second_179_face0.jpg	imdb	38.474717723752065	0.9651282429695129
cnn-sample_frame_4475_second_179_face1.jpg	imdb	44.40797750587899	0.06860152631998062
cnn-sample_frame_4500_second_180_face0.jpg	imdb	37.652540135809886	0.9792289733886719
cnn-sample_frame_4500_second_180_face1.jpg	imdb	44.88885374040774	0.037377603352069855
cnn-sample_frame_4525_second_181_face0.jpg	imdb	35.51850766996813	0.9622310400009155
cnn-sample_frame_4525_second_181_face1.jpg	imdb	43.42147952114101	0.07159078866243362
cnn-sample_frame_4550_second_182_face0.jpg	imdb	43.38551361026839	0.9867895245552063
cnn-sample_frame_4550_second_182_face1.jpg	imdb	43.38207653080099	0.07371645420789719
cnn-sample_frame_4575_second_183_face0.jpg	imdb	43.51015283876313	0.9863719344139099
cnn-sample_frame_4575_second_183_face1.jpg	imdb	43.01963360404534	0.10137955844402313
cnn-sample_frame_4600_second_184_face0.jpg	imdb	41.816590753709534	0.9816161394119263
cnn-sample_frame_4600_second_184_face1.jpg	imdb	43.07877649009197	0.10253696143627167
cnn-sample_frame_4625_second_185_face0.jpg	imdb	40.278780314079086	0.9786252379417419
cnn-sample_frame_4625_second_185_face1.jpg	imdb	43.84296710403805	0.048387087881565094
cnn-sample_frame_4650_second_186_face0.jpg	imdb	37.557237372872805	0.9840633869171143
cnn-sample_frame_4650_second_186_face1.jpg	imdb	45.79459730482358	0.13713833689689636
cnn-sample_frame_4675_second_187_face0.jpg	imdb	43.19100089020958	0.9252040982246399
cnn-sample_frame_200_second_8_face0.jpg	utk	43.57078699200065	0.24023684859275818
cnn-sample_frame_225_second_9_face0.jpg	utk	39.586682955243305	0.2636750638484955
cnn-sample_frame_250_second_10_face0.jpg	utk	43.10055193258631	0.19960251450538635
cnn-sample_frame_275_second_11_face0.jpg	utk	42.80127367368732	0.24177657067775726
cnn-sample_frame_300_second_12_face0.jpg	utk	42.286857548146145	0.15537722408771515
cnn-sample_frame_325_second_13_face0.jpg	utk	45.235010313769635	0.12669795751571655
cnn-sample_frame_350_second_14_face0.jpg	utk	42.80733227240853	0.12802299857139587
cnn-sample_frame_375_second_15_face0.jpg	utk	42.591956188476615	0.14569731056690216
cnn-sample_frame_400_second_16_face0.jpg	utk	43.45670843006519	0.11576587706804276
cnn-sample_frame_425_second_17_face0.jpg	utk	41.02433581000514	0.15609794855117798
cnn-sample_frame_1075_second_43_face0.jpg	utk	27.436959386996023	0.9378365278244019
cnn-sample_frame_1100_second_44_face0.jpg	utk	31.334286922330648	0.9344369769096375
cnn-sample_frame_1125_second_45_face0.jpg	utk	27.72661122367026	0.9412681460380554
cnn-sample_frame_1375_second_55_face0.jpg	utk	33.80137678327628	0.9715148210525513
cnn-sample_frame_1400_second_56_face0.jpg	utk	37.10534279843341	0.9626198410987854
cnn-sample_frame_1425_second_57_face0.jpg	utk	36.428045240001666	0.9860084652900696
cnn-sample_frame_1450_second_58_face0.jpg	utk	36.76357952190483	0.9841998815536499
cnn-sample_frame_1475_second_59_face0.jpg	utk	37.65679833741342	0.9531427025794983
cnn-sample_frame_1500_second_60_face0.jpg	utk	34.64758013584651	0.9759331345558167
cnn-sample_frame_1525_second_61_face0.jpg	utk	36.28306490007344	0.9843854308128357
cnn-sample_frame_1550_second_62_face0.jpg	utk	36.617316359066535	0.9782953858375549
cnn-sample_frame_1575_second_63_face0.jpg	utk	30.767203323397553	0.6611959338188171
cnn-sample_frame_1600_second_64_face0.jpg	utk	32.2260483279897	0.4322332739830017
cnn-sample_frame_1625_second_65_face0.jpg	utk	34.0601219823875	0.48929688334465027
cnn-sample_frame_1650_second_66_face0.jpg	utk	35.24646244467294	0.43271517753601074
cnn-sample_frame_1675_second_67_face0.jpg	utk	31.808996585918067	0.5628231763839722
cnn-sample_frame_1700_second_68_face0.jpg	utk	32.75671103464265	0.6507773995399475
cnn-sample_frame_1725_second_69_face0.jpg	utk	34.58659348668152	0.49738040566444397
cnn-sample_frame_1750_second_70_face0.jpg	utk	32.86632284928055	0.35358431935310364
cnn-sample_frame_1775_second_71_face0.jpg	utk	32.90761827478127	0.4510316848754883
cnn-sample_frame_1800_second_72_face0.jpg	utk	34.71442107413168	0.39372360706329346
cnn-sample_frame_1825_second_73_face0.jpg	utk	33.04639079068875	0.47189581394195557
cnn-sample_frame_1850_second_74_face0.jpg	utk	35.077783625813026	0.18328513205051422
cnn-sample_frame_1875_second_75_face0.jpg	utk	34.68994624894913	0.42088761925697327
cnn-sample_frame_1925_second_77_face0.jpg	utk	32.30454229666793	0.08793886005878448
cnn-sample_frame_1950_second_78_face0.jpg	utk	38.38402381671767	0.07405919581651688
cnn-sample_frame_1975_second_79_face0.jpg	utk	36.875656880911265	0.1461290419101715
cnn-sample_frame_2000_second_80_face0.jpg	utk	54.38158414508871	0.0819123163819313
cnn-sample_frame_2025_second_81_face0.jpg	utk	48.997419108694885	0.154151052236557
cnn-sample_frame_2050_second_82_face0.jpg	utk	47.29375711564717	0.16733676195144653
cnn-sample_frame_2075_second_83_face0.jpg	utk	48.4340083257739	0.15466421842575073
cnn-sample_frame_2100_second_84_face0.jpg	utk	34.949415030438104	0.3701329529285431
cnn-sample_frame_2125_second_85_face0.jpg	utk	34.29495187196153	0.38622617721557617
cnn-sample_frame_2150_second_86_face0.jpg	utk	34.56567395266029	0.3775489032268524
cnn-sample_frame_2175_second_87_face0.jpg	utk	34.4819665926625	0.40137988328933716
cnn-sample_frame_2200_second_88_face0.jpg	utk	35.13152771523164	0.386799156665802
cnn-sample_frame_2225_second_89_face0.jpg	utk	34.963738387290505	0.3876316547393799
cnn-sample_frame_2250_second_90_face0.jpg	utk	34.59761652587622	0.38321465253829956
cnn-sample_frame_2275_second_91_face0.jpg	utk	34.232092808124435	0.3884892165660858
cnn-sample_frame_2300_second_92_face0.jpg	utk	35.21979931811802	0.39537298679351807
cnn-sample_frame_2325_second_93_face0.jpg	utk	35.010415878925414	0.39647015929222107
cnn-sample_frame_3025_second_121_face0.jpg	utk	35.14235774119152	0.8988845348358154
cnn-sample_frame_3050_second_122_face0.jpg	utk	32.59784356742057	0.978864312171936
cnn-sample_frame_3075_second_123_face0.jpg	utk	39.76543850096732	0.9820529818534851
cnn-sample_frame_3100_second_124_face0.jpg	utk	39.39269326729027	0.9856775999069214
cnn-sample_frame_3125_second_125_face0.jpg	utk	38.2850654312133	0.9894948601722717
cnn-sample_frame_3200_second_128_face0.jpg	utk	31.510939870553557	0.26664549112319946
cnn-sample_frame_3225_second_129_face0.jpg	utk	34.72229753267311	0.227451354265213
cnn-sample_frame_3250_second_130_face0.jpg	utk	35.56577391578321	0.1977696269750595
cnn-sample_frame_3275_second_131_face0.jpg	utk	36.29163862936548	0.300753653049469
cnn-sample_frame_3300_second_132_face0.jpg	utk	33.40817014857748	0.1632271558046341
cnn-sample_frame_3325_second_133_face0.jpg	utk	33.84924761450384	0.24719995260238647
cnn-sample_frame_3350_second_134_face0.jpg	utk	39.23714930913047	0.14723485708236694
cnn-sample_frame_3375_second_135_face0.jpg	utk	37.60432757909439	0.18693500757217407
cnn-sample_frame_3400_second_136_face0.jpg	utk	32.80261446569784	0.20640145242214203
cnn-sample_frame_3425_second_137_face0.jpg	utk	33.63092824391788	0.1811147928237915
cnn-sample_frame_3450_second_138_face0.jpg	utk	35.28713952610269	0.2982253432273865
cnn-sample_frame_3500_second_140_face0.jpg	utk	31.789369210600853	0.5668927431106567
cnn-sample_frame_3525_second_141_face0.jpg	utk	35.45154943855596	0.3959743082523346
cnn-sample_frame_3550_second_142_face0.jpg	utk	33.35059209717292	0.4653819501399994
cnn-sample_frame_3575_second_143_face0.jpg	utk	32.55031889901875	0.5163407325744629
cnn-sample_frame_3600_second_144_face0.jpg	utk	34.71631060150685	0.5411731004714966
cnn-sample_frame_3625_second_145_face0.jpg	utk	34.593352053139824	0.4711481034755707
cnn-sample_frame_3650_second_146_face0.jpg	utk	31.146857830848603	0.5030369758605957
cnn-sample_frame_3675_second_147_face0.jpg	utk	34.33279397467413	0.3897283375263214
cnn-sample_frame_3700_second_148_face0.jpg	utk	33.17872676821571	0.3214185833930969
cnn-sample_frame_3725_second_149_face0.jpg	utk	33.16057215295223	0.4678245186805725
cnn-sample_frame_3750_second_150_face0.jpg	utk	38.558064232325705	0.2292325496673584
cnn-sample_frame_3775_second_151_face0.jpg	utk	35.06299124798534	0.3024166524410248
cnn-sample_frame_3800_second_152_face0.jpg	utk	40.15285234208204	0.2294580191373825
cnn-sample_frame_3825_second_153_face0.jpg	utk	36.155960268108174	0.2082623392343521
cnn-sample_frame_3850_second_154_face0.jpg	utk	49.09895139066248	0.10572095215320587
cnn-sample_frame_3875_second_155_face0.jpg	utk	48.351667315473605	0.21742813289165497
cnn-sample_frame_3900_second_156_face0.jpg	utk	42.31475014517491	0.2301723212003708
cnn-sample_frame_3925_second_157_face0.jpg	utk	39.75124285523634	0.24887606501579285
cnn-sample_frame_3950_second_158_face0.jpg	utk	50.82593418004035	0.13725043833255768
cnn-sample_frame_3975_second_159_face0.jpg	utk	49.383037416608204	0.11544924974441528
cnn-sample_frame_4000_second_160_face0.jpg	utk	47.459528859559214	0.13159018754959106
cnn-sample_frame_4025_second_161_face0.jpg	utk	46.4746454174674	0.10155493021011353
cnn-sample_frame_4050_second_162_face0.jpg	utk	44.298755403120595	0.17149893939495087
cnn-sample_frame_4075_second_163_face0.jpg	utk	43.15303797185334	0.20393551886081696
cnn-sample_frame_4100_second_164_face0.jpg	utk	43.93958129045859	0.12680166959762573
cnn-sample_frame_4125_second_165_face0.jpg	utk	51.06369854139416	0.027334006503224373
cnn-sample_frame_4150_second_166_face0.jpg	utk	47.73148358873277	0.08564737439155579
cnn-sample_frame_4175_second_167_face0.jpg	utk	42.05423413298195	0.3842994272708893
cnn-sample_frame_4200_second_168_face0.jpg	utk	49.761398487775296	0.14281195402145386
cnn-sample_frame_4225_second_169_face0.jpg	utk	46.82808949628543	0.05254869908094406
cnn-sample_frame_4300_second_172_face0.jpg	utk	33.581378947912526	0.9668497443199158
cnn-sample_frame_4300_second_172_face1.jpg	utk	34.614778010112786	0.30582180619239807
cnn-sample_frame_4325_second_173_face0.jpg	utk	36.84287221883642	0.9787478446960449
cnn-sample_frame_4325_second_173_face1.jpg	utk	42.026695535922045	0.18295663595199585
cnn-sample_frame_4350_second_174_face0.jpg	utk	35.952002954960335	0.9860646724700928
cnn-sample_frame_4350_second_174_face1.jpg	utk	41.43762301808965	0.18969573080539703
cnn-sample_frame_4375_second_175_face0.jpg	utk	33.26832682642089	0.9891208410263062
cnn-sample_frame_4375_second_175_face1.jpg	utk	40.90910194312346	0.14759905636310577
cnn-sample_frame_4400_second_176_face0.jpg	utk	41.38634639920383	0.9798679947853088
cnn-sample_frame_4400_second_176_face1.jpg	utk	39.711682247156205	0.16121378540992737
cnn-sample_frame_4425_second_177_face0.jpg	utk	39.87317669941149	0.9633380174636841
cnn-sample_frame_4425_second_177_face1.jpg	utk	39.62517445411868	0.2202834039926529
cnn-sample_frame_4450_second_178_face0.jpg	utk	39.48817669393247	0.9776934385299683
cnn-sample_frame_4450_second_178_face1.jpg	utk	40.30142337252073	0.16707450151443481
cnn-sample_frame_4475_second_179_face0.jpg	utk	35.791368044498995	0.9863761067390442
cnn-sample_frame_4475_second_179_face1.jpg	utk	41.16962968239386	0.1236773431301117
cnn-sample_frame_4500_second_180_face0.jpg	utk	36.75648867783548	0.9829777479171753
cnn-sample_frame_4500_second_180_face1.jpg	utk	38.57987189074993	0.12057089805603027
cnn-sample_frame_4525_second_181_face0.jpg	utk	38.69558877293821	0.9584569931030273
cnn-sample_frame_4525_second_181_face1.jpg	utk	38.08619708090737	0.1820179522037506
cnn-sample_frame_4550_second_182_face0.jpg	utk	44.29920881844646	0.9904252886772156
cnn-sample_frame_4550_second_182_face1.jpg	utk	38.51433414996791	0.16651304066181183
cnn-sample_frame_4575_second_183_face0.jpg	utk	39.37471871645721	0.9860913157463074
cnn-sample_frame_4575_second_183_face1.jpg	utk	37.895602912456525	0.310539186000824
cnn-sample_frame_4600_second_184_face0.jpg	utk	37.652562350373955	0.9855906963348389
cnn-sample_frame_4600_second_184_face1.jpg	utk	36.0635929617456	0.31470736861228943
cnn-sample_frame_4625_second_185_face0.jpg	utk	36.21124564711863	0.9784579873085022
cnn-sample_frame_4625_second_185_face1.jpg	utk	38.2059899347114	0.1395682990550995
cnn-sample_frame_4650_second_186_face0.jpg	utk	35.636951951370065	0.982747495174408
cnn-sample_frame_4650_second_186_face1.jpg	utk	40.221965129203454	0.11224818229675293
cnn-sample_frame_4675_second_187_face0.jpg	utk	37.57018761305153	0.921970009803772
cnn-sample_frame_4675_second_187_face1.jpg	imdb	43.114743374787395	0.05814586952328682
cnn-sample_frame_4700_second_188_face0.jpg	imdb	39.402325778576596	0.9879916310310364
cnn-sample_frame_4700_second_188_face1.jpg	imdb	41.98716484572742	0.058346059173345566
cnn-sample_frame_4725_second_189_face0.jpg	imdb	39.17654015780772	0.9877005815505981
cnn-sample_frame_4725_second_189_face1.jpg	imdb	45.10904753244131	0.056540850549936295
cnn-sample_frame_4750_second_190_face0.jpg	imdb	44.538976255541456	0.9869738817214966
cnn-sample_frame_4750_second_190_face1.jpg	imdb	47.47706638714317	0.04549963399767876
cnn-sample_frame_4775_second_191_face0.jpg	imdb	42.833391952886814	0.9856951832771301
cnn-sample_frame_4775_second_191_face1.jpg	imdb	42.750600186486736	0.06148845702409744
cnn-sample_frame_4800_second_192_face0.jpg	imdb	40.756932201976724	0.9853103160858154
cnn-sample_frame_4800_second_192_face1.jpg	imdb	41.93290021591565	0.06713926047086716
cnn-sample_frame_4825_second_193_face0.jpg	imdb	43.449925927285676	0.985648512840271
cnn-sample_frame_4825_second_193_face1.jpg	imdb	47.31708658831644	0.04577333852648735
cnn-sample_frame_4850_second_194_face0.jpg	imdb	40.1964941942947	0.9811385273933411
cnn-sample_frame_4850_second_194_face1.jpg	imdb	43.91941171134749	0.1599232703447342
cnn-sample_frame_4875_second_195_face0.jpg	imdb	41.13647722099631	0.19729551672935486
cnn-sample_frame_4900_second_196_face0.jpg	imdb	50.56938294671272	0.09849990904331207
cnn-sample_frame_4925_second_197_face0.jpg	imdb	43.99561187568179	0.16944719851016998
cnn-sample_frame_4950_second_198_face0.jpg	imdb	47.14539182438057	0.06608043611049652
cnn-sample_frame_4975_second_199_face0.jpg	imdb	39.407289941622366	0.36715784668922424
cnn-sample_frame_5000_second_200_face0.jpg	imdb	39.3678721684264	0.49804458022117615
cnn-sample_frame_5000_second_200_face1.jpg	imdb	38.183446331488085	0.258489727973938
cnn-sample_frame_5025_second_201_face0.jpg	imdb	41.43710053463883	0.07998606562614441
cnn-sample_frame_5050_second_202_face0.jpg	imdb	36.275154812581604	0.31158527731895447
cnn-sample_frame_5050_second_202_face1.jpg	imdb	46.74439824730507	0.1566387563943863
cnn-sample_frame_5075_second_203_face0.jpg	imdb	47.242237056161684	0.09063659608364105
cnn-sample_frame_5100_second_204_face0.jpg	imdb	41.330619688291335	0.2133062779903412
cnn-sample_frame_5125_second_205_face0.jpg	imdb	39.82384836109122	0.30275291204452515
cnn-sample_frame_5125_second_205_face1.jpg	imdb	43.356043877776756	0.10057073086500168
cnn-sample_frame_5150_second_206_face0.jpg	imdb	38.9747998904495	0.3887356221675873
cnn-sample_frame_5150_second_206_face1.jpg	imdb	35.08650050123833	0.5360864400863647
cnn-sample_frame_5175_second_207_face0.jpg	imdb	33.49997530957626	0.4879264533519745
cnn-sample_frame_5175_second_207_face1.jpg	imdb	36.93078969130147	0.3641435205936432
cnn-sample_frame_5200_second_208_face0.jpg	imdb	38.55473736106069	0.37479740381240845
cnn-sample_frame_5200_second_208_face1.jpg	imdb	46.583330741334976	0.12818889319896698
cnn-sample_frame_5225_second_209_face0.jpg	imdb	40.335468920235144	0.1882009208202362
cnn-sample_frame_5250_second_210_face0.jpg	imdb	42.357377847029056	0.2580164670944214
cnn-sample_frame_5275_second_211_face0.jpg	imdb	32.651598211763485	0.5249257683753967
cnn-sample_frame_5275_second_211_face1.jpg	imdb	38.6167559962887	0.3198854625225067
cnn-sample_frame_5300_second_212_face0.jpg	imdb	35.006581660753	0.3247911036014557
cnn-sample_frame_5300_second_212_face1.jpg	imdb	39.04035186618967	0.20317798852920532
cnn-sample_frame_5325_second_213_face0.jpg	imdb	34.7748048944195	0.3199716806411743
cnn-sample_frame_5325_second_213_face1.jpg	imdb	42.225286360277096	0.24186338484287262
cnn-sample_frame_5350_second_214_face0.jpg	imdb	32.26899880758356	0.4272605776786804
cnn-sample_frame_5350_second_214_face1.jpg	imdb	39.55521112763745	0.2934744954109192
cnn-sample_frame_5375_second_215_face0.jpg	imdb	33.8106927373301	0.3818862736225128
cnn-sample_frame_5375_second_215_face1.jpg	imdb	51.13884460769168	0.07735108584165573
cnn-sample_frame_5400_second_216_face0.jpg	imdb	34.59436117156292	0.41611772775650024
cnn-sample_frame_5400_second_216_face1.jpg	imdb	44.004981625415894	0.1760425567626953
cnn-sample_frame_5425_second_217_face0.jpg	imdb	34.01582729108486	0.3251548707485199
cnn-sample_frame_5425_second_217_face1.jpg	imdb	42.50402567902711	0.30414801836013794
cnn-sample_frame_5450_second_218_face0.jpg	imdb	34.33478795690462	0.3922595977783203
cnn-sample_frame_5450_second_218_face1.jpg	imdb	49.68593606180275	0.09166689217090607
cnn-sample_frame_5475_second_219_face0.jpg	imdb	41.251387859287206	0.9826624393463135
cnn-sample_frame_5475_second_219_face1.jpg	imdb	43.23937433095807	0.10542664676904678
cnn-sample_frame_5500_second_220_face0.jpg	imdb	44.374582690625175	0.9849311113357544
cnn-sample_frame_5500_second_220_face1.jpg	imdb	41.55607691087607	0.1212819293141365
cnn-sample_frame_5525_second_221_face0.jpg	imdb	41.34799023299183	0.9862035512924194
cnn-sample_frame_5525_second_221_face1.jpg	imdb	43.335606809832825	0.15276312828063965
cnn-sample_frame_5550_second_222_face0.jpg	imdb	42.40856033361115	0.9859665036201477
cnn-sample_frame_5550_second_222_face1.jpg	imdb	43.54335372809942	0.031873706728219986
cnn-sample_frame_5575_second_223_face0.jpg	imdb	44.01234912649079	0.9856029748916626
cnn-sample_frame_5575_second_223_face1.jpg	imdb	44.64432942518465	0.07809557765722275
cnn-sample_frame_5600_second_224_face0.jpg	imdb	40.01335603443886	0.9862744212150574
cnn-sample_frame_5600_second_224_face1.jpg	imdb	42.5490186752545	0.24444128572940826
cnn-sample_frame_5625_second_225_face0.jpg	imdb	46.25564477999433	0.9587642550468445
cnn-sample_frame_5625_second_225_face1.jpg	imdb	44.16759650678546	0.1505730301141739
cnn-sample_frame_5650_second_226_face0.jpg	imdb	43.47092839820016	0.9837321639060974
cnn-sample_frame_5650_second_226_face1.jpg	imdb	44.46810541164132	0.05900527536869049
cnn-sample_frame_5675_second_227_face0.jpg	imdb	42.12953097436457	0.9833831191062927
cnn-sample_frame_5675_second_227_face1.jpg	imdb	41.102191004674296	0.09325891733169556
cnn-sample_frame_5700_second_228_face0.jpg	imdb	41.23748692757363	0.986821711063385
cnn-sample_frame_5700_second_228_face1.jpg	imdb	44.6073472430146	0.0916215181350708
cnn-sample_frame_5725_second_229_face0.jpg	imdb	40.66069577995222	0.9851284623146057
cnn-sample_frame_5725_second_229_face1.jpg	imdb	42.736079024702576	0.20012494921684265
cnn-sample_frame_5750_second_230_face0.jpg	imdb	43.72325039413772	0.9785830974578857
cnn-sample_frame_5750_second_230_face1.jpg	imdb	44.83056902649719	0.035598888993263245
cnn-sample_frame_5775_second_231_face0.jpg	imdb	44.06827203461762	0.9510078430175781
cnn-sample_frame_5775_second_231_face1.jpg	imdb	42.85512626517993	0.2014268934726715
cnn-sample_frame_5800_second_232_face0.jpg	imdb	40.86012115483118	0.9862411022186279
cnn-sample_frame_5800_second_232_face1.jpg	imdb	44.25737023801776	0.07594426721334457
cnn-sample_frame_5825_second_233_face0.jpg	imdb	41.74581983874941	0.9836650490760803
cnn-sample_frame_5825_second_233_face1.jpg	imdb	46.60064757055534	0.08708902448415756
cnn-sample_frame_5850_second_234_face0.jpg	imdb	42.84762902339935	0.9852935671806335
cnn-sample_frame_5850_second_234_face1.jpg	imdb	42.935968150194185	0.20152804255485535
cnn-sample_frame_5875_second_235_face0.jpg	imdb	43.50993900575577	0.9855624437332153
cnn-sample_frame_5875_second_235_face1.jpg	imdb	44.190335855824515	0.09270104765892029
cnn-sample_frame_5900_second_236_face0.jpg	imdb	41.97281804580098	0.9844451546669006
cnn-sample_frame_5900_second_236_face1.jpg	imdb	41.52522684656287	0.12576541304588318
cnn-sample_frame_5925_second_237_face0.jpg	imdb	43.67202157741485	0.9850925803184509
cnn-sample_frame_5925_second_237_face1.jpg	imdb	39.515908596388044	0.19661469757556915
cnn-sample_frame_5950_second_238_face0.jpg	imdb	40.68599303420342	0.9863015413284302
cnn-sample_frame_5950_second_238_face1.jpg	imdb	41.72860327194621	0.20988287031650543
cnn-sample_frame_5975_second_239_face0.jpg	imdb	41.4791883807593	0.9852607846260071
cnn-sample_frame_5975_second_239_face1.jpg	imdb	43.00665905441201	0.19386591017246246
cnn-sample_frame_6000_second_240_face0.jpg	imdb	44.71947882625409	0.985476553440094
cnn-sample_frame_6000_second_240_face1.jpg	imdb	45.08405147090548	0.06625588983297348
cnn-sample_frame_6025_second_241_face0.jpg	imdb	46.290155655353374	0.9801411032676697
cnn-sample_frame_6025_second_241_face1.jpg	imdb	43.65544706123637	0.13693787157535553
cnn-sample_frame_6050_second_242_face0.jpg	imdb	45.227420906311636	0.9784207940101624
cnn-sample_frame_6050_second_242_face1.jpg	imdb	40.976580564386495	0.22868508100509644
cnn-sample_frame_6075_second_243_face0.jpg	imdb	42.86573246574608	0.986549973487854
cnn-sample_frame_6075_second_243_face1.jpg	imdb	40.33295987792462	0.3179207146167755
cnn-sample_frame_6100_second_244_face0.jpg	imdb	44.026729113836154	0.9845148324966431
cnn-sample_frame_6100_second_244_face1.jpg	imdb	41.744245455477994	0.09835540503263474
cnn-sample_frame_6125_second_245_face0.jpg	imdb	43.35927011202784	0.9813128709793091
cnn-sample_frame_6125_second_245_face1.jpg	imdb	41.381264299318445	0.19219595193862915
cnn-sample_frame_6150_second_246_face0.jpg	imdb	43.254855820192006	0.9841524958610535
cnn-sample_frame_6150_second_246_face1.jpg	imdb	42.76950902773024	0.19379457831382751
cnn-sample_frame_6175_second_247_face0.jpg	imdb	43.85909493534746	0.9806575179100037
cnn-sample_frame_6175_second_247_face1.jpg	imdb	46.518259474475144	0.06398198753595352
cnn-sample_frame_6200_second_248_face0.jpg	imdb	42.70193479398404	0.9842836856842041
cnn-sample_frame_6200_second_248_face1.jpg	imdb	43.687274745640934	0.2930241525173187
cnn-sample_frame_6225_second_249_face0.jpg	imdb	43.431641482184205	0.981276273727417
cnn-sample_frame_6225_second_249_face1.jpg	imdb	42.798691163372496	0.30882102251052856
cnn-sample_frame_6250_second_250_face0.jpg	imdb	45.00193616599063	0.9898249506950378
cnn-sample_frame_6250_second_250_face1.jpg	imdb	43.45357701550165	0.21434523165225983
cnn-sample_frame_6275_second_251_face0.jpg	imdb	43.19425567848248	0.983937680721283
cnn-sample_frame_6275_second_251_face1.jpg	imdb	45.011025480449916	0.1445046067237854
cnn-sample_frame_6300_second_252_face0.jpg	imdb	43.453320540417735	0.9865950345993042
cnn-sample_frame_6300_second_252_face1.jpg	imdb	41.80073206884663	0.2024800330400467
cnn-sample_frame_6325_second_253_face0.jpg	imdb	43.640632484648904	0.9808391332626343
cnn-sample_frame_6325_second_253_face1.jpg	imdb	44.51144359135196	0.06840270012617111
cnn-sample_frame_6350_second_254_face0.jpg	imdb	43.82270275185783	0.9868103265762329
cnn-sample_frame_6350_second_254_face1.jpg	imdb	41.93455721809414	0.16605043411254883
cnn-sample_frame_6375_second_255_face0.jpg	imdb	45.02146715204799	0.9878674745559692
cnn-sample_frame_6375_second_255_face1.jpg	imdb	40.55880021705252	0.16809475421905518
cnn-sample_frame_6400_second_256_face0.jpg	imdb	44.90202786352074	0.9880449175834656
cnn-sample_frame_4675_second_187_face1.jpg	utk	37.548003623773184	0.12943468987941742
cnn-sample_frame_4700_second_188_face0.jpg	utk	34.78471077767608	0.9859029054641724
cnn-sample_frame_4700_second_188_face1.jpg	utk	36.04971903783735	0.14530368149280548
cnn-sample_frame_4725_second_189_face0.jpg	utk	35.81489827118821	0.9841169714927673
cnn-sample_frame_4725_second_189_face1.jpg	utk	42.80326293510734	0.10367517918348312
cnn-sample_frame_4750_second_190_face0.jpg	utk	37.13439812589604	0.9882099628448486
cnn-sample_frame_4750_second_190_face1.jpg	utk	43.85290441801044	0.09467174112796783
cnn-sample_frame_4775_second_191_face0.jpg	utk	36.09194162245876	0.9849477410316467
cnn-sample_frame_4775_second_191_face1.jpg	utk	36.51538695134877	0.20716509222984314
cnn-sample_frame_4800_second_192_face0.jpg	utk	35.71262031044898	0.9878899455070496
cnn-sample_frame_4800_second_192_face1.jpg	utk	38.752853010377294	0.09869163483381271
cnn-sample_frame_4825_second_193_face0.jpg	utk	37.52166291618869	0.9887087941169739
cnn-sample_frame_4825_second_193_face1.jpg	utk	44.11137051685182	0.07494813948869705
cnn-sample_frame_4850_second_194_face0.jpg	utk	35.34965492158062	0.985655665397644
cnn-sample_frame_4850_second_194_face1.jpg	utk	38.80383838384296	0.31695756316185
cnn-sample_frame_4875_second_195_face0.jpg	utk	38.88345442779246	0.2740260660648346
cnn-sample_frame_4900_second_196_face0.jpg	utk	45.591061969520524	0.17054158449172974
cnn-sample_frame_4925_second_197_face0.jpg	utk	42.423956348931824	0.14332346618175507
cnn-sample_frame_4950_second_198_face0.jpg	utk	45.13897783576613	0.0779949426651001
cnn-sample_frame_4975_second_199_face0.jpg	utk	38.069926380158904	0.15906140208244324
cnn-sample_frame_5000_second_200_face0.jpg	utk	39.5559317094594	0.7155629992485046
cnn-sample_frame_5000_second_200_face1.jpg	utk	40.82952899969314	0.21079646050930023
cnn-sample_frame_5025_second_201_face0.jpg	utk	39.794379425751686	0.13811373710632324
cnn-sample_frame_5050_second_202_face0.jpg	utk	37.313837992129265	0.23623673617839813
cnn-sample_frame_5050_second_202_face1.jpg	utk	42.681149545987864	0.33012887835502625
cnn-sample_frame_5075_second_203_face0.jpg	utk	42.31364331390978	0.0894530639052391
cnn-sample_frame_5100_second_204_face0.jpg	utk	37.6900720453923	0.2775047719478607
cnn-sample_frame_5125_second_205_face0.jpg	utk	36.04469815909397	0.25471019744873047
cnn-sample_frame_5125_second_205_face1.jpg	utk	40.372988820712635	0.24175810813903809
cnn-sample_frame_5150_second_206_face0.jpg	utk	38.335943876445526	0.24377740919589996
cnn-sample_frame_5150_second_206_face1.jpg	utk	42.66294796854345	0.5942464470863342
cnn-sample_frame_5175_second_207_face0.jpg	utk	35.89278199378168	0.5634425282478333
cnn-sample_frame_5175_second_207_face1.jpg	utk	37.12355368891804	0.5043178200721741
cnn-sample_frame_5200_second_208_face0.jpg	utk	32.31431163789239	0.5750561356544495
cnn-sample_frame_5200_second_208_face1.jpg	utk	43.83942093136102	0.27668115496635437
cnn-sample_frame_5225_second_209_face0.jpg	utk	35.95746963193233	0.2681707441806793
cnn-sample_frame_5250_second_210_face0.jpg	utk	36.60822295384787	0.3241409659385681
cnn-sample_frame_5275_second_211_face0.jpg	utk	34.77371996111469	0.573749303817749
cnn-sample_frame_5275_second_211_face1.jpg	utk	37.44855487851237	0.40616917610168457
cnn-sample_frame_5300_second_212_face0.jpg	utk	34.92139208230947	0.4898632764816284
cnn-sample_frame_5300_second_212_face1.jpg	utk	38.156663425728766	0.34550243616104126
cnn-sample_frame_5325_second_213_face0.jpg	utk	36.06157055872609	0.4364701509475708
cnn-sample_frame_5325_second_213_face1.jpg	utk	41.212430261293775	0.21042749285697937
cnn-sample_frame_5350_second_214_face0.jpg	utk	33.1736132233782	0.550566554069519
cnn-sample_frame_5350_second_214_face1.jpg	utk	38.82158894312306	0.35814133286476135
cnn-sample_frame_5375_second_215_face0.jpg	utk	35.52351218817057	0.5008276104927063
cnn-sample_frame_5375_second_215_face1.jpg	utk	48.22027395411715	0.17214344441890717
cnn-sample_frame_5400_second_216_face0.jpg	utk	35.502252816426335	0.4180392026901245
cnn-sample_frame_5400_second_216_face1.jpg	utk	44.751119576689234	0.3545587658882141
cnn-sample_frame_5425_second_217_face0.jpg	utk	36.18816162868461	0.39020559191703796
cnn-sample_frame_5425_second_217_face1.jpg	utk	42.67786808787059	0.2866925597190857
cnn-sample_frame_5450_second_218_face0.jpg	utk	35.411825651841355	0.40616944432258606
cnn-sample_frame_5450_second_218_face1.jpg	utk	40.99087108075764	0.20500466227531433
cnn-sample_frame_5475_second_219_face0.jpg	utk	33.798665049642295	0.9823302030563354
cnn-sample_frame_5475_second_219_face1.jpg	utk	33.063063756137126	0.33020836114883423
cnn-sample_frame_5500_second_220_face0.jpg	utk	36.476501972412734	0.9835186004638672
cnn-sample_frame_5500_second_220_face1.jpg	utk	38.41211202550949	0.20270708203315735
cnn-sample_frame_5525_second_221_face0.jpg	utk	35.47979333064177	0.9861709475517273
cnn-sample_frame_5525_second_221_face1.jpg	utk	39.88047427377023	0.40798842906951904
cnn-sample_frame_5550_second_222_face0.jpg	utk	36.18230933184168	0.9851786494255066
cnn-sample_frame_5550_second_222_face1.jpg	utk	39.079796545434874	0.255026251077652
cnn-sample_frame_5575_second_223_face0.jpg	utk	38.55744001799849	0.9854969382286072
cnn-sample_frame_5575_second_223_face1.jpg	utk	41.12167001148737	0.23118285834789276
cnn-sample_frame_5600_second_224_face0.jpg	utk	36.336402495091534	0.9864685535430908
cnn-sample_frame_5600_second_224_face1.jpg	utk	39.20778855685057	0.35956576466560364
cnn-sample_frame_5625_second_225_face0.jpg	utk	37.57731008687915	0.9486722946166992
cnn-sample_frame_5625_second_225_face1.jpg	utk	41.872535623511794	0.2748180329799652
cnn-sample_frame_5650_second_226_face0.jpg	utk	35.70460005384302	0.9839023947715759
cnn-sample_frame_5650_second_226_face1.jpg	utk	39.45292671913194	0.10252975672483444
cnn-sample_frame_5675_second_227_face0.jpg	utk	37.49538189698342	0.9837484359741211
cnn-sample_frame_5675_second_227_face1.jpg	utk	35.2959808101441	0.3899737596511841
cnn-sample_frame_5700_second_228_face0.jpg	utk	37.28551648065422	0.98554927110672
cnn-sample_frame_5700_second_228_face1.jpg	utk	40.672397135351275	0.13238675892353058
cnn-sample_frame_5725_second_229_face0.jpg	utk	36.04213398882894	0.9840081930160522
cnn-sample_frame_5725_second_229_face1.jpg	utk	39.961163417883654	0.43702971935272217
cnn-sample_frame_5750_second_230_face0.jpg	utk	39.911542795023706	0.9727537631988525
cnn-sample_frame_5750_second_230_face1.jpg	utk	40.49184925963709	0.11860053241252899
cnn-sample_frame_5775_second_231_face0.jpg	utk	37.91767987372441	0.9450713992118835
cnn-sample_frame_5775_second_231_face1.jpg	utk	36.24427402076253	0.531773030757904
cnn-sample_frame_5800_second_232_face0.jpg	utk	35.57539123083188	0.9811546206474304
cnn-sample_frame_5800_second_232_face1.jpg	utk	37.64459509957305	0.40935656428337097
cnn-sample_frame_5825_second_233_face0.jpg	utk	37.19348654285932	0.983080267906189
cnn-sample_frame_5825_second_233_face1.jpg	utk	44.5820557822899	0.1265736073255539
cnn-sample_frame_5850_second_234_face0.jpg	utk	37.86382566090106	0.9842256307601929
cnn-sample_frame_5850_second_234_face1.jpg	utk	36.944592742383975	0.3689044713973999
cnn-sample_frame_5875_second_235_face0.jpg	utk	37.88162661840943	0.982921302318573
cnn-sample_frame_5875_second_235_face1.jpg	utk	41.60976704310633	0.15464264154434204
cnn-sample_frame_5900_second_236_face0.jpg	utk	38.355873946009524	0.9827828407287598
cnn-sample_frame_5900_second_236_face1.jpg	utk	37.86113167041549	0.216370090842247
cnn-sample_frame_5925_second_237_face0.jpg	utk	39.06796450208276	0.9859090447425842
cnn-sample_frame_5925_second_237_face1.jpg	utk	35.22511734909858	0.29359346628189087
cnn-sample_frame_5950_second_238_face0.jpg	utk	36.44756580829926	0.983076810836792
cnn-sample_frame_5950_second_238_face1.jpg	utk	38.32164581120378	0.3495102822780609
cnn-sample_frame_5975_second_239_face0.jpg	utk	37.89411985530387	0.9741905927658081
cnn-sample_frame_5975_second_239_face1.jpg	utk	36.22561890999714	0.4250190556049347
cnn-sample_frame_6000_second_240_face0.jpg	utk	38.124806646030265	0.9864898920059204
cnn-sample_frame_6000_second_240_face1.jpg	utk	40.21936104016095	0.18906831741333008
cnn-sample_frame_6025_second_241_face0.jpg	utk	41.96508235324836	0.9745200276374817
cnn-sample_frame_6025_second_241_face1.jpg	utk	38.88771240114147	0.3386658728122711
cnn-sample_frame_6050_second_242_face0.jpg	utk	39.06265666026047	0.9682571291923523
cnn-sample_frame_6050_second_242_face1.jpg	utk	36.62169597184038	0.24407485127449036
cnn-sample_frame_6075_second_243_face0.jpg	utk	38.5579572823608	0.9812731742858887
cnn-sample_frame_6075_second_243_face1.jpg	utk	35.97206151125647	0.299667090177536
cnn-sample_frame_6100_second_244_face0.jpg	utk	38.01157831354158	0.9860411286354065
cnn-sample_frame_6100_second_244_face1.jpg	utk	40.426754357100435	0.2453746795654297
cnn-sample_frame_6125_second_245_face0.jpg	utk	38.09141010998428	0.985194742679596
cnn-sample_frame_6125_second_245_face1.jpg	utk	38.34956429560043	0.339229017496109
cnn-sample_frame_6150_second_246_face0.jpg	utk	37.52383711807397	0.9834723472595215
cnn-sample_frame_6150_second_246_face1.jpg	utk	40.21488659854185	0.19385401904582977
cnn-sample_frame_6175_second_247_face0.jpg	utk	38.56037013875448	0.9814010858535767
cnn-sample_frame_6175_second_247_face1.jpg	utk	44.91079883031489	0.1354656219482422
cnn-sample_frame_6200_second_248_face0.jpg	utk	37.64287023571978	0.9852879047393799
cnn-sample_frame_6200_second_248_face1.jpg	utk	40.57047743101066	0.257764995098114
cnn-sample_frame_6225_second_249_face0.jpg	utk	39.97847393663142	0.9827708005905151
cnn-sample_frame_6225_second_249_face1.jpg	utk	40.507228893118736	0.27644333243370056
cnn-sample_frame_6250_second_250_face0.jpg	utk	39.42415103865005	0.988436222076416
cnn-sample_frame_6250_second_250_face1.jpg	utk	39.68799604819651	0.11025920510292053
cnn-sample_frame_6275_second_251_face0.jpg	utk	39.4546122568463	0.9804041981697083
cnn-sample_frame_6275_second_251_face1.jpg	utk	42.30511220478729	0.2739458978176117
cnn-sample_frame_6300_second_252_face0.jpg	utk	38.543595920103144	0.9845883250236511
cnn-sample_frame_6300_second_252_face1.jpg	utk	37.46388805221795	0.28282204270362854
cnn-sample_frame_6325_second_253_face0.jpg	utk	38.28996617437406	0.9750769138336182
cnn-sample_frame_6325_second_253_face1.jpg	utk	40.94800489770387	0.17725235223770142
cnn-sample_frame_6350_second_254_face0.jpg	utk	37.08871611226641	0.9859272241592407
cnn-sample_frame_6350_second_254_face1.jpg	utk	37.32266088212418	0.3022301197052002
cnn-sample_frame_6375_second_255_face0.jpg	utk	37.74055111848702	0.9874359369277954
cnn-sample_frame_6375_second_255_face1.jpg	utk	38.109855989201606	0.15795230865478516
cnn-sample_frame_6400_second_256_face0.jpg	utk	39.20280541987631	0.9866682291030884
cnn-sample_frame_6400_second_256_face1.jpg	imdb	41.930088291323955	0.26650235056877136
cnn-sample_frame_6425_second_257_face0.jpg	imdb	42.32754530249258	0.9870470762252808
cnn-sample_frame_6425_second_257_face1.jpg	imdb	45.186696249827946	0.06565530598163605
cnn-sample_frame_6450_second_258_face0.jpg	imdb	46.4124754845252	0.9877188205718994
cnn-sample_frame_6450_second_258_face1.jpg	imdb	42.03625291402432	0.1184602752327919
cnn-sample_frame_6475_second_259_face0.jpg	imdb	44.37240582103641	0.9865728616714478
cnn-sample_frame_6475_second_259_face1.jpg	imdb	42.47386413334334	0.26171037554740906
cnn-sample_frame_6500_second_260_face0.jpg	imdb	44.5937178141985	0.9861518740653992
cnn-sample_frame_6500_second_260_face1.jpg	imdb	45.39590332094531	0.14672233164310455
cnn-sample_frame_6525_second_261_face0.jpg	imdb	40.76487653672393	0.9637389183044434
cnn-sample_frame_6525_second_261_face1.jpg	imdb	46.12278761581092	0.06170178949832916
cnn-sample_frame_6550_second_262_face0.jpg	imdb	42.66652359031241	0.979830801486969
cnn-sample_frame_6550_second_262_face1.jpg	imdb	44.27731649892394	0.07979897409677505
cnn-sample_frame_6575_second_263_face0.jpg	imdb	42.64346041390763	0.9825038313865662
cnn-sample_frame_6575_second_263_face1.jpg	imdb	44.434786687023234	0.06692949682474136
cnn-sample_frame_6600_second_264_face0.jpg	imdb	43.56726515244418	0.9762810468673706
cnn-sample_frame_6600_second_264_face1.jpg	imdb	42.295400327887364	0.23040223121643066
cnn-sample_frame_6625_second_265_face0.jpg	imdb	43.51811233866874	0.9820402264595032
cnn-sample_frame_6625_second_265_face1.jpg	imdb	42.14249580890373	0.3243596851825714
cnn-sample_frame_6650_second_266_face0.jpg	imdb	44.27968532648811	0.9815239310264587
cnn-sample_frame_6650_second_266_face1.jpg	imdb	45.597103702232744	0.09695896506309509
cnn-sample_frame_6675_second_267_face0.jpg	imdb	42.37633126811534	0.9828928112983704
cnn-sample_frame_6675_second_267_face1.jpg	imdb	43.96015184221778	0.06008635088801384
cnn-sample_frame_6700_second_268_face0.jpg	imdb	42.42706023207711	0.974410891532898
cnn-sample_frame_6700_second_268_face1.jpg	imdb	44.0153282558972	0.12770473957061768
cnn-sample_frame_6725_second_269_face0.jpg	imdb	42.20822082373115	0.9768352508544922
cnn-sample_frame_6725_second_269_face1.jpg	imdb	43.19208768080466	0.07164668291807175
cnn-sample_frame_6750_second_270_face0.jpg	imdb	45.4700060125449	0.9819352626800537
cnn-sample_frame_6750_second_270_face1.jpg	imdb	42.55794519431856	0.21545681357383728
cnn-sample_frame_6775_second_271_face0.jpg	imdb	41.62408304749442	0.9749085307121277
cnn-sample_frame_6775_second_271_face1.jpg	imdb	43.01536886044528	0.13175727427005768
cnn-sample_frame_6800_second_272_face0.jpg	imdb	44.71873158130893	0.9814203381538391
cnn-sample_frame_6800_second_272_face1.jpg	imdb	46.32571142328925	0.058139998465776443
cnn-sample_frame_6825_second_273_face0.jpg	imdb	41.22922307057934	0.9780156016349792
cnn-sample_frame_6825_second_273_face1.jpg	imdb	41.62733327181604	0.2053481936454773
cnn-sample_frame_6850_second_274_face0.jpg	imdb	44.10625830575236	0.9772565364837646
cnn-sample_frame_6850_second_274_face1.jpg	imdb	44.00000495931681	0.14921702444553375
cnn-sample_frame_6875_second_275_face0.jpg	imdb	48.09409734284509	0.9733158349990845
cnn-sample_frame_6875_second_275_face1.jpg	imdb	44.34678673266535	0.26652780175209045
cnn-sample_frame_6900_second_276_face0.jpg	imdb	43.41193940189805	0.9838210344314575
cnn-sample_frame_6900_second_276_face1.jpg	imdb	45.42817014816205	0.10051749646663666
cnn-sample_frame_6925_second_277_face0.jpg	imdb	42.97921014478743	0.9793788194656372
cnn-sample_frame_6925_second_277_face1.jpg	imdb	43.44629673662985	0.1716727316379547
cnn-sample_frame_6950_second_278_face0.jpg	imdb	37.342069737409474	0.4202779233455658
cnn-sample_frame_6950_second_278_face1.jpg	imdb	36.016520597018825	0.36639145016670227
cnn-sample_frame_6975_second_279_face0.jpg	imdb	37.601532147004036	0.4673241972923279
cnn-sample_frame_7000_second_280_face0.jpg	imdb	36.58231573684316	0.4396354556083679
cnn-sample_frame_7000_second_280_face1.jpg	imdb	35.393695618571655	0.4893113374710083
cnn-sample_frame_7025_second_281_face0.jpg	imdb	38.94572924269596	0.4487358629703522
cnn-sample_frame_7050_second_282_face0.jpg	imdb	35.46629463727004	0.45141392946243286
cnn-sample_frame_7050_second_282_face1.jpg	imdb	37.14292766644212	0.4021053612232208
cnn-sample_frame_7075_second_283_face0.jpg	imdb	35.384767850715434	0.5277891159057617
cnn-sample_frame_7075_second_283_face1.jpg	imdb	36.83183700292284	0.43544355034828186
cnn-sample_frame_7100_second_284_face0.jpg	imdb	43.21718425669678	0.31269586086273193
cnn-sample_frame_7125_second_285_face0.jpg	imdb	38.73936115493416	0.37913355231285095
cnn-sample_frame_7150_second_286_face0.jpg	imdb	34.90766506484579	0.5325233936309814
cnn-sample_frame_7175_second_287_face0.jpg	imdb	37.62125109398039	0.4849720597267151
cnn-sample_frame_7175_second_287_face1.jpg	imdb	35.589315738136065	0.4548715054988861
cnn-sample_frame_7200_second_288_face0.jpg	imdb	36.89107826331747	0.48062190413475037
cnn-sample_frame_7200_second_288_face1.jpg	imdb	37.74856071724207	0.3770157992839813
cnn-sample_frame_7225_second_289_face0.jpg	imdb	36.05335461928189	0.6212365627288818
cnn-sample_frame_7225_second_289_face1.jpg	imdb	38.73627837310778	0.4485016167163849
cnn-sample_frame_7250_second_290_face0.jpg	imdb	38.31381488520128	0.3470888137817383
cnn-sample_frame_7275_second_291_face0.jpg	imdb	36.703225543067674	0.3299199044704437
cnn-sample_frame_7300_second_292_face0.jpg	imdb	44.247658619123285	0.9714912176132202
cnn-sample_frame_7300_second_292_face1.jpg	imdb	43.82131548318648	0.18014608323574066
cnn-sample_frame_7325_second_293_face0.jpg	imdb	40.932039030590204	0.9877937436103821
cnn-sample_frame_7325_second_293_face1.jpg	imdb	44.647420387332204	0.17921698093414307
cnn-sample_frame_7350_second_294_face0.jpg	imdb	39.995217430050616	0.9873607158660889
cnn-sample_frame_7350_second_294_face1.jpg	imdb	42.9619912915914	0.3612860441207886
cnn-sample_frame_7375_second_295_face0.jpg	imdb	43.54668012175989	0.9789019227027893
cnn-sample_frame_7375_second_295_face1.jpg	imdb	42.03783940827316	0.2369566559791565
cnn-sample_frame_7400_second_296_face0.jpg	imdb	42.89278623302016	0.9860365986824036
cnn-sample_frame_7400_second_296_face1.jpg	imdb	41.85659933264924	0.12584395706653595
cnn-sample_frame_7425_second_297_face0.jpg	imdb	40.786285139097345	0.9872243404388428
cnn-sample_frame_7425_second_297_face1.jpg	imdb	46.6767633540162	0.0869528278708458
cnn-sample_frame_7450_second_298_face0.jpg	imdb	40.4039382117453	0.9826202988624573
cnn-sample_frame_7450_second_298_face1.jpg	imdb	41.447393742751956	0.19543100893497467
cnn-sample_frame_7475_second_299_face0.jpg	imdb	39.71920839443828	0.9863661527633667
cnn-sample_frame_7475_second_299_face1.jpg	imdb	40.44520622109121	0.3140814006328583
cnn-sample_frame_7500_second_300_face0.jpg	imdb	46.96130309979526	0.9627326130867004
cnn-sample_frame_7500_second_300_face1.jpg	imdb	44.87233743514071	0.23526333272457123
cnn-sample_frame_6400_second_256_face1.jpg	utk	40.1820633798834	0.2204984426498413
cnn-sample_frame_6425_second_257_face0.jpg	utk	35.37026442222668	0.983727216720581
cnn-sample_frame_6425_second_257_face1.jpg	utk	40.74112054077705	0.1408660113811493
cnn-sample_frame_6450_second_258_face0.jpg	utk	39.29663181392971	0.9867798089981079
cnn-sample_frame_6450_second_258_face1.jpg	utk	39.311455885574105	0.15798015892505646
cnn-sample_frame_6475_second_259_face0.jpg	utk	38.18457881629365	0.9847518801689148
cnn-sample_frame_6475_second_259_face1.jpg	utk	39.540089289967	0.22165369987487793
cnn-sample_frame_6500_second_260_face0.jpg	utk	38.62216799633461	0.9860807657241821
cnn-sample_frame_6500_second_260_face1.jpg	utk	42.80555445707432	0.1734171211719513
cnn-sample_frame_6525_second_261_face0.jpg	utk	37.513222230714746	0.9776396751403809
cnn-sample_frame_6525_second_261_face1.jpg	utk	40.42930996648283	0.1648876965045929
cnn-sample_frame_6550_second_262_face0.jpg	utk	38.28044068840336	0.9800093770027161
cnn-sample_frame_6550_second_262_face1.jpg	utk	40.43026175065461	0.15902283787727356
cnn-sample_frame_6575_second_263_face0.jpg	utk	35.99277436675675	0.9830358624458313
cnn-sample_frame_6575_second_263_face1.jpg	utk	40.52823143199021	0.11186166852712631
cnn-sample_frame_6600_second_264_face0.jpg	utk	41.49785212482493	0.9775742888450623
cnn-sample_frame_6600_second_264_face1.jpg	utk	39.15049861427906	0.363563597202301
cnn-sample_frame_6625_second_265_face0.jpg	utk	40.58411315846388	0.985673725605011
cnn-sample_frame_6625_second_265_face1.jpg	utk	38.229126391128375	0.430370032787323
cnn-sample_frame_6650_second_266_face0.jpg	utk	38.235126700124965	0.9846451878547668
cnn-sample_frame_6650_second_266_face1.jpg	utk	42.145462951095396	0.21947896480560303
cnn-sample_frame_6675_second_267_face0.jpg	utk	38.626403184698574	0.9831467270851135
cnn-sample_frame_6675_second_267_face1.jpg	utk	40.43613300797006	0.09519390016794205
cnn-sample_frame_6700_second_268_face0.jpg	utk	37.95373685776485	0.9860645532608032
cnn-sample_frame_6700_second_268_face1.jpg	utk	43.26975425866112	0.17198771238327026
cnn-sample_frame_6725_second_269_face0.jpg	utk	39.72234999501052	0.9818080067634583
cnn-sample_frame_6725_second_269_face1.jpg	utk	38.64519945425491	0.12496277689933777
cnn-sample_frame_6750_second_270_face0.jpg	utk	41.390560682543764	0.9858572483062744
cnn-sample_frame_6750_second_270_face1.jpg	utk	39.74159859325118	0.15594156086444855
cnn-sample_frame_6775_second_271_face0.jpg	utk	40.89724028818091	0.9789799451828003
cnn-sample_frame_6775_second_271_face1.jpg	utk	39.97922770800869	0.20984672009944916
cnn-sample_frame_6800_second_272_face0.jpg	utk	41.51862835247266	0.9860754609107971
cnn-sample_frame_6800_second_272_face1.jpg	utk	43.06229464018634	0.1328398883342743
cnn-sample_frame_6825_second_273_face0.jpg	utk	39.61493422887179	0.9817371368408203
cnn-sample_frame_6825_second_273_face1.jpg	utk	38.41226677902705	0.192462757229805
cnn-sample_frame_6850_second_274_face0.jpg	utk	43.464131780498974	0.9831008911132812
cnn-sample_frame_6850_second_274_face1.jpg	utk	41.258377618542	0.24413113296031952
cnn-sample_frame_6875_second_275_face0.jpg	utk	46.93860241103175	0.9749252796173096
cnn-sample_frame_6875_second_275_face1.jpg	utk	42.01041902614088	0.29121166467666626
cnn-sample_frame_6900_second_276_face0.jpg	utk	40.40852863996224	0.9843162894248962
cnn-sample_frame_6900_second_276_face1.jpg	utk	44.631473646468294	0.1424640417098999
cnn-sample_frame_6925_second_277_face0.jpg	utk	39.01388990617397	0.9855883717536926
cnn-sample_frame_6925_second_277_face1.jpg	utk	40.665225079828815	0.20917074382305145
cnn-sample_frame_6950_second_278_face0.jpg	utk	33.28013677567651	0.5868934392929077
cnn-sample_frame_6950_second_278_face1.jpg	utk	38.99086194726988	0.3449391722679138
cnn-sample_frame_6975_second_279_face0.jpg	utk	34.58980163454544	0.6115078926086426
cnn-sample_frame_7000_second_280_face0.jpg	utk	34.75192131397489	0.5965778231620789
cnn-sample_frame_7000_second_280_face1.jpg	utk	34.85781113488338	0.4779700040817261
cnn-sample_frame_7025_second_281_face0.jpg	utk	34.58471580853802	0.6249364018440247
cnn-sample_frame_7050_second_282_face0.jpg	utk	33.35614936330239	0.7197869420051575
cnn-sample_frame_7050_second_282_face1.jpg	utk	35.494273884447466	0.44382765889167786
cnn-sample_frame_7075_second_283_face0.jpg	utk	31.994456133608765	0.8123463988304138
cnn-sample_frame_7075_second_283_face1.jpg	utk	35.346672852414486	0.49042201042175293
cnn-sample_frame_7100_second_284_face0.jpg	utk	38.15442147513386	0.33775556087493896
cnn-sample_frame_7125_second_285_face0.jpg	utk	39.01817952585043	0.356528103351593
cnn-sample_frame_7150_second_286_face0.jpg	utk	36.174056361913244	0.5681989192962646
cnn-sample_frame_7175_second_287_face0.jpg	utk	36.72133390534145	0.5310323238372803
cnn-sample_frame_7175_second_287_face1.jpg	utk	36.94929565038183	0.4321017861366272
cnn-sample_frame_7200_second_288_face0.jpg	utk	34.635654843979864	0.5856360197067261
cnn-sample_frame_7200_second_288_face1.jpg	utk	36.51826276922657	0.4786466658115387
cnn-sample_frame_7225_second_289_face0.jpg	utk	34.981301410502056	0.4995913505554199
cnn-sample_frame_7225_second_289_face1.jpg	utk	40.34622598379792	0.358405202627182
cnn-sample_frame_7250_second_290_face0.jpg	utk	40.61225341428508	0.26957955956459045
cnn-sample_frame_7275_second_291_face0.jpg	utk	38.05010810743988	0.2653259038925171
cnn-sample_frame_7300_second_292_face0.jpg	utk	35.438536217221554	0.9661896228790283
cnn-sample_frame_7300_second_292_face1.jpg	utk	36.3909732567663	0.3991847336292267
cnn-sample_frame_7325_second_293_face0.jpg	utk	34.655534722284756	0.9783796072006226
cnn-sample_frame_7325_second_293_face1.jpg	utk	40.26817211674279	0.2969094216823578
cnn-sample_frame_7350_second_294_face0.jpg	utk	34.10191440491235	0.9796562194824219
cnn-sample_frame_7350_second_294_face1.jpg	utk	38.44021754556525	0.16113388538360596
cnn-sample_frame_7375_second_295_face0.jpg	utk	37.2176027543228	0.9763556122779846
cnn-sample_frame_7375_second_295_face1.jpg	utk	38.0893282897523	0.3760537803173065
cnn-sample_frame_7400_second_296_face0.jpg	utk	39.33330233390279	0.9841532111167908
cnn-sample_frame_7400_second_296_face1.jpg	utk	38.38382736896892	0.2714708149433136
cnn-sample_frame_7425_second_297_face0.jpg	utk	36.706165231820705	0.977249026298523
cnn-sample_frame_7425_second_297_face1.jpg	utk	43.7181921346546	0.15419484674930573
cnn-sample_frame_7450_second_298_face0.jpg	utk	34.230257724055264	0.9781041741371155
cnn-sample_frame_7450_second_298_face1.jpg	utk	38.12657307952031	0.38317352533340454
cnn-sample_frame_7475_second_299_face0.jpg	utk	34.87882416177308	0.9786487221717834
cnn-sample_frame_7475_second_299_face1.jpg	utk	38.56077837779412	0.430044949054718
cnn-sample_frame_7500_second_300_face0.jpg	utk	40.50022706505115	0.9393935799598694
cnn-sample_frame_7500_second_300_face1.jpg	utk	40.06537534858762	0.3743647634983063
